{
  "best_epoch": 40,
  "peak_cpu_memory_MB": 2607.752,
  "peak_gpu_0_memory_MB": 3504,
  "peak_gpu_1_memory_MB": 12,
  "training_duration": "0:02:12.488627",
  "training_start_epoch": 0,
  "training_epochs": 40,
  "epoch": 40,
  "training_accuracy": 0.3116621983914209,
  "training_loss": 1.7597064077854156,
  "training_cpu_memory_MB": 2607.752,
  "training_gpu_0_memory_MB": 3504,
  "training_gpu_1_memory_MB": 12,
  "validation_accuracy": 0.257372654155496,
  "validation_loss": 1.836906909942627,
  "best_validation_accuracy": 0.257372654155496,
  "best_validation_loss": 1.836906909942627
}