{
  "best_epoch": 71,
  "peak_cpu_memory_MB": 2608.268,
  "peak_gpu_0_memory_MB": 3504,
  "peak_gpu_1_memory_MB": 12,
  "training_duration": "0:03:57.783433",
  "training_start_epoch": 0,
  "training_epochs": 73,
  "epoch": 73,
  "training_accuracy": 0.38404825737265413,
  "training_loss": 1.6563306053479512,
  "training_cpu_memory_MB": 2608.268,
  "training_gpu_0_memory_MB": 3504,
  "training_gpu_1_memory_MB": 12,
  "validation_accuracy": 0.2707774798927614,
  "validation_loss": 1.8280919790267944,
  "best_validation_accuracy": 0.2680965147453083,
  "best_validation_loss": 1.8277757565180461
}