{
  "best_epoch": 62,
  "peak_cpu_memory_MB": 2607.948,
  "peak_gpu_0_memory_MB": 3504,
  "peak_gpu_1_memory_MB": 12,
  "training_duration": "0:03:29.381224",
  "training_start_epoch": 0,
  "training_epochs": 64,
  "epoch": 64,
  "training_accuracy": 0.3424932975871314,
  "training_loss": 1.698156327009201,
  "training_cpu_memory_MB": 2607.948,
  "training_gpu_0_memory_MB": 3504,
  "training_gpu_1_memory_MB": 12,
  "validation_accuracy": 0.2613941018766756,
  "validation_loss": 1.829236924648285,
  "best_validation_accuracy": 0.26273458445040215,
  "best_validation_loss": 1.8286808133125305
}