{
  "best_epoch": 58,
  "peak_cpu_memory_MB": 2607.948,
  "peak_gpu_0_memory_MB": 3504,
  "peak_gpu_1_memory_MB": 12,
  "training_duration": "0:03:10.341421",
  "training_start_epoch": 0,
  "training_epochs": 58,
  "epoch": 58,
  "training_accuracy": 0.3485254691689008,
  "training_loss": 1.712923655907313,
  "training_cpu_memory_MB": 2607.948,
  "training_gpu_0_memory_MB": 3504,
  "training_gpu_1_memory_MB": 12,
  "validation_accuracy": 0.26273458445040215,
  "validation_loss": 1.829945981502533,
  "best_validation_accuracy": 0.26273458445040215,
  "best_validation_loss": 1.829945981502533
}