{
  "best_epoch": 42,
  "peak_cpu_memory_MB": 2607.752,
  "peak_gpu_0_memory_MB": 3504,
  "peak_gpu_1_memory_MB": 12,
  "training_duration": "0:02:18.842810",
  "training_start_epoch": 0,
  "training_epochs": 42,
  "epoch": 42,
  "training_accuracy": 0.3096514745308311,
  "training_loss": 1.7618464728196461,
  "training_cpu_memory_MB": 2607.752,
  "training_gpu_0_memory_MB": 3504,
  "training_gpu_1_memory_MB": 12,
  "validation_accuracy": 0.2520107238605898,
  "validation_loss": 1.8365728855133057,
  "best_validation_accuracy": 0.2520107238605898,
  "best_validation_loss": 1.8365728855133057
}