{
  "best_epoch": 22,
  "peak_cpu_memory_MB": 2605.712,
  "peak_gpu_0_memory_MB": 3504,
  "peak_gpu_1_memory_MB": 12,
  "training_duration": "0:01:14.030452",
  "training_start_epoch": 0,
  "training_epochs": 22,
  "epoch": 22,
  "training_accuracy": 0.27010723860589814,
  "training_loss": 1.816350410381953,
  "training_cpu_memory_MB": 2605.712,
  "training_gpu_0_memory_MB": 3504,
  "training_gpu_1_memory_MB": 12,
  "validation_accuracy": 0.24262734584450402,
  "validation_loss": 1.8489767114321392,
  "best_validation_accuracy": 0.24262734584450402,
  "best_validation_loss": 1.8489767114321392
}