{
  "best_epoch": 15,
  "peak_cpu_memory_MB": 2605.712,
  "peak_gpu_0_memory_MB": 3504,
  "peak_gpu_1_memory_MB": 12,
  "training_duration": "0:00:51.632150",
  "training_start_epoch": 0,
  "training_epochs": 15,
  "epoch": 15,
  "training_accuracy": 0.2520107238605898,
  "training_loss": 1.8364992241064708,
  "training_cpu_memory_MB": 2605.712,
  "training_gpu_0_memory_MB": 3504,
  "training_gpu_1_memory_MB": 12,
  "validation_accuracy": 0.23994638069705093,
  "validation_loss": 1.8561264872550964,
  "best_validation_accuracy": 0.23994638069705093,
  "best_validation_loss": 1.8561264872550964
}