{
  "best_epoch": 55,
  "peak_cpu_memory_MB": 2607.948,
  "peak_gpu_0_memory_MB": 3504,
  "peak_gpu_1_memory_MB": 12,
  "training_duration": "0:03:00.706447",
  "training_start_epoch": 0,
  "training_epochs": 55,
  "epoch": 55,
  "training_accuracy": 0.3371313672922252,
  "training_loss": 1.730402946472168,
  "training_cpu_memory_MB": 2607.948,
  "training_gpu_0_memory_MB": 3504,
  "training_gpu_1_memory_MB": 12,
  "validation_accuracy": 0.26273458445040215,
  "validation_loss": 1.8311806917190552,
  "best_validation_accuracy": 0.26273458445040215,
  "best_validation_loss": 1.8311806917190552
}