{
  "best_epoch": 33,
  "peak_cpu_memory_MB": 2607.752,
  "peak_gpu_0_memory_MB": 3504,
  "peak_gpu_1_memory_MB": 12,
  "training_duration": "0:01:49.999301",
  "training_start_epoch": 0,
  "training_epochs": 33,
  "epoch": 33,
  "training_accuracy": 0.30093833780160856,
  "training_loss": 1.7823628882567089,
  "training_cpu_memory_MB": 2607.752,
  "training_gpu_0_memory_MB": 3504,
  "training_gpu_1_memory_MB": 12,
  "validation_accuracy": 0.24664879356568364,
  "validation_loss": 1.840934693813324,
  "best_validation_accuracy": 0.24664879356568364,
  "best_validation_loss": 1.840934693813324
}