{
  "best_epoch": 27,
  "peak_cpu_memory_MB": 2605.712,
  "peak_gpu_0_memory_MB": 3504,
  "peak_gpu_1_memory_MB": 12,
  "training_duration": "0:01:30.479277",
  "training_start_epoch": 0,
  "training_epochs": 27,
  "epoch": 27,
  "training_accuracy": 0.27479892761394104,
  "training_loss": 1.8032445808251698,
  "training_cpu_memory_MB": 2605.712,
  "training_gpu_0_memory_MB": 3504,
  "training_gpu_1_memory_MB": 12,
  "validation_accuracy": 0.2453083109919571,
  "validation_loss": 1.8445342977841694,
  "best_validation_accuracy": 0.2453083109919571,
  "best_validation_loss": 1.8445342977841694
}