{
  "best_epoch": 14,
  "peak_cpu_memory_MB": 2605.712,
  "peak_gpu_0_memory_MB": 3504,
  "peak_gpu_1_memory_MB": 12,
  "training_duration": "0:00:48.458225",
  "training_start_epoch": 0,
  "training_epochs": 14,
  "epoch": 14,
  "training_accuracy": 0.24731903485254692,
  "training_loss": 1.8426111042499542,
  "training_cpu_memory_MB": 2605.712,
  "training_gpu_0_memory_MB": 3504,
  "training_gpu_1_memory_MB": 12,
  "validation_accuracy": 0.24128686327077747,
  "validation_loss": 1.857079307238261,
  "best_validation_accuracy": 0.24128686327077747,
  "best_validation_loss": 1.857079307238261
}