{
  "best_epoch": 9,
  "peak_cpu_memory_MB": 2605.712,
  "peak_gpu_0_memory_MB": 3504,
  "peak_gpu_1_memory_MB": 12,
  "training_duration": "0:00:32.501758",
  "training_start_epoch": 0,
  "training_epochs": 9,
  "epoch": 9,
  "training_accuracy": 0.2359249329758713,
  "training_loss": 1.8632597823937733,
  "training_cpu_memory_MB": 2605.712,
  "training_gpu_0_memory_MB": 3504,
  "training_gpu_1_memory_MB": 12,
  "validation_accuracy": 0.24128686327077747,
  "validation_loss": 1.8653804858525593,
  "best_validation_accuracy": 0.24128686327077747,
  "best_validation_loss": 1.8653804858525593
}