{
  "best_epoch": 49,
  "peak_cpu_memory_MB": 2607.752,
  "peak_gpu_0_memory_MB": 3504,
  "peak_gpu_1_memory_MB": 12,
  "training_duration": "0:02:41.550167",
  "training_start_epoch": 0,
  "training_epochs": 49,
  "epoch": 49,
  "training_accuracy": 0.3277479892761394,
  "training_loss": 1.7349199553330739,
  "training_cpu_memory_MB": 2607.752,
  "training_gpu_0_memory_MB": 3504,
  "training_gpu_1_memory_MB": 12,
  "validation_accuracy": 0.26005361930294907,
  "validation_loss": 1.8326560656229656,
  "best_validation_accuracy": 0.26005361930294907,
  "best_validation_loss": 1.8326560656229656
}