{
  "best_epoch": 23,
  "peak_cpu_memory_MB": 2605.712,
  "peak_gpu_0_memory_MB": 3504,
  "peak_gpu_1_memory_MB": 12,
  "training_duration": "0:01:17.277624",
  "training_start_epoch": 0,
  "training_epochs": 23,
  "epoch": 23,
  "training_accuracy": 0.2640750670241287,
  "training_loss": 1.82562056183815,
  "training_cpu_memory_MB": 2605.712,
  "training_gpu_0_memory_MB": 3504,
  "training_gpu_1_memory_MB": 12,
  "validation_accuracy": 0.23994638069705093,
  "validation_loss": 1.847922921180725,
  "best_validation_accuracy": 0.23994638069705093,
  "best_validation_loss": 1.847922921180725
}