{
  "best_epoch": 13,
  "peak_cpu_memory_MB": 2605.712,
  "peak_gpu_0_memory_MB": 3504,
  "peak_gpu_1_memory_MB": 12,
  "training_duration": "0:00:45.301791",
  "training_start_epoch": 0,
  "training_epochs": 13,
  "epoch": 13,
  "training_accuracy": 0.24463806970509383,
  "training_loss": 1.8475877145926158,
  "training_cpu_memory_MB": 2605.712,
  "training_gpu_0_memory_MB": 3504,
  "training_gpu_1_memory_MB": 12,
  "validation_accuracy": 0.24396782841823056,
  "validation_loss": 1.8589442769686382,
  "best_validation_accuracy": 0.24396782841823056,
  "best_validation_loss": 1.8589442769686382
}