{
  "best_epoch": 34,
  "peak_cpu_memory_MB": 2607.752,
  "peak_gpu_0_memory_MB": 3504,
  "peak_gpu_1_memory_MB": 12,
  "training_duration": "0:01:53.234055",
  "training_start_epoch": 0,
  "training_epochs": 34,
  "epoch": 34,
  "training_accuracy": 0.30563002680965146,
  "training_loss": 1.7821193138758342,
  "training_cpu_memory_MB": 2607.752,
  "training_gpu_0_memory_MB": 3504,
  "training_gpu_1_memory_MB": 12,
  "validation_accuracy": 0.24664879356568364,
  "validation_loss": 1.8397091031074524,
  "best_validation_accuracy": 0.24664879356568364,
  "best_validation_loss": 1.8397091031074524
}