{
  "best_epoch": 74,
  "peak_cpu_memory_MB": 2608.668,
  "peak_gpu_0_memory_MB": 3504,
  "peak_gpu_1_memory_MB": 12,
  "training_duration": "0:04:04.198104",
  "training_start_epoch": 0,
  "training_epochs": 75,
  "epoch": 75,
  "training_accuracy": 0.4075067024128686,
  "training_loss": 1.647346019744873,
  "training_cpu_memory_MB": 2608.668,
  "training_gpu_0_memory_MB": 3504,
  "training_gpu_1_memory_MB": 12,
  "validation_accuracy": 0.2667560321715818,
  "validation_loss": 1.8289225697517395,
  "best_validation_accuracy": 0.27882037533512066,
  "best_validation_loss": 1.8271116018295288
}