{
  "best_epoch": 8,
  "peak_cpu_memory_MB": 2605.712,
  "peak_gpu_0_memory_MB": 3504,
  "peak_gpu_1_memory_MB": 12,
  "training_duration": "0:00:29.211800",
  "training_start_epoch": 0,
  "training_epochs": 8,
  "epoch": 8,
  "training_accuracy": 0.2312332439678284,
  "training_loss": 1.8791804611682892,
  "training_cpu_memory_MB": 2605.712,
  "training_gpu_0_memory_MB": 3504,
  "training_gpu_1_memory_MB": 12,
  "validation_accuracy": 0.2359249329758713,
  "validation_loss": 1.8682631651560466,
  "best_validation_accuracy": 0.2359249329758713,
  "best_validation_loss": 1.8682631651560466
}