{
  "best_epoch": 31,
  "peak_cpu_memory_MB": 2607.752,
  "peak_gpu_0_memory_MB": 3504,
  "peak_gpu_1_memory_MB": 12,
  "training_duration": "0:01:43.351820",
  "training_start_epoch": 0,
  "training_epochs": 31,
  "epoch": 31,
  "training_accuracy": 0.2982573726541555,
  "training_loss": 1.7947294811407726,
  "training_cpu_memory_MB": 2607.752,
  "training_gpu_0_memory_MB": 3504,
  "training_gpu_1_memory_MB": 12,
  "validation_accuracy": 0.2453083109919571,
  "validation_loss": 1.8417168855667114,
  "best_validation_accuracy": 0.2453083109919571,
  "best_validation_loss": 1.8417168855667114
}