{
  "best_epoch": 38,
  "peak_cpu_memory_MB": 2607.752,
  "peak_gpu_0_memory_MB": 3504,
  "peak_gpu_1_memory_MB": 12,
  "training_duration": "0:02:06.093750",
  "training_start_epoch": 0,
  "training_epochs": 38,
  "epoch": 38,
  "training_accuracy": 0.31769436997319034,
  "training_loss": 1.7698947687943776,
  "training_cpu_memory_MB": 2607.752,
  "training_gpu_0_memory_MB": 3504,
  "training_gpu_1_memory_MB": 12,
  "validation_accuracy": 0.2520107238605898,
  "validation_loss": 1.8374149600664775,
  "best_validation_accuracy": 0.2520107238605898,
  "best_validation_loss": 1.8374149600664775
}