{
  "best_epoch": 62,
  "peak_cpu_memory_MB": 2607.948,
  "peak_gpu_0_memory_MB": 3504,
  "peak_gpu_1_memory_MB": 12,
  "training_duration": "0:03:32.465523",
  "training_start_epoch": 0,
  "training_epochs": 65,
  "epoch": 65,
  "training_accuracy": 0.3672922252010724,
  "training_loss": 1.6803752879301708,
  "training_cpu_memory_MB": 2607.948,
  "training_gpu_0_memory_MB": 3504,
  "training_gpu_1_memory_MB": 12,
  "validation_accuracy": 0.26541554959785524,
  "validation_loss": 1.8292525013287861,
  "best_validation_accuracy": 0.26273458445040215,
  "best_validation_loss": 1.8286808133125305
}