{
  "best_epoch": 11,
  "peak_cpu_memory_MB": 2605.712,
  "peak_gpu_0_memory_MB": 3504,
  "peak_gpu_1_memory_MB": 12,
  "training_duration": "0:00:38.956019",
  "training_start_epoch": 0,
  "training_epochs": 11,
  "epoch": 11,
  "training_accuracy": 0.23726541554959785,
  "training_loss": 1.8597026467323303,
  "training_cpu_memory_MB": 2605.712,
  "training_gpu_0_memory_MB": 3504,
  "training_gpu_1_memory_MB": 12,
  "validation_accuracy": 0.24262734584450402,
  "validation_loss": 1.861771027247111,
  "best_validation_accuracy": 0.24262734584450402,
  "best_validation_loss": 1.861771027247111
}