{
  "best_epoch": 2,
  "peak_cpu_memory_MB": 2598.084,
  "peak_gpu_0_memory_MB": 3502,
  "peak_gpu_1_memory_MB": 12,
  "training_duration": "0:00:09.551748",
  "training_start_epoch": 0,
  "training_epochs": 2,
  "epoch": 2,
  "training_accuracy": 0.19973190348525469,
  "training_loss": 1.9226309855779011,
  "training_cpu_memory_MB": 2598.084,
  "training_gpu_0_memory_MB": 3502,
  "training_gpu_1_memory_MB": 12,
  "validation_accuracy": 0.19973190348525469,
  "validation_loss": 1.9027640223503113,
  "best_validation_accuracy": 0.19973190348525469,
  "best_validation_loss": 1.9027640223503113
}