{
  "best_epoch": 74,
  "peak_cpu_memory_MB": 2608.668,
  "peak_gpu_0_memory_MB": 3504,
  "peak_gpu_1_memory_MB": 12,
  "training_duration": "0:04:19.777042",
  "training_start_epoch": 0,
  "training_epochs": 80,
  "epoch": 80,
  "training_accuracy": 0.3920911528150134,
  "training_loss": 1.6321223080158234,
  "training_cpu_memory_MB": 2608.668,
  "training_gpu_0_memory_MB": 3504,
  "training_gpu_1_memory_MB": 12,
  "validation_accuracy": 0.2734584450402145,
  "validation_loss": 1.8290860652923584,
  "best_validation_accuracy": 0.27882037533512066,
  "best_validation_loss": 1.8271116018295288
}