{
  "best_epoch": 51,
  "peak_cpu_memory_MB": 2607.948,
  "peak_gpu_0_memory_MB": 3504,
  "peak_gpu_1_memory_MB": 12,
  "training_duration": "0:02:47.953809",
  "training_start_epoch": 0,
  "training_epochs": 51,
  "epoch": 51,
  "training_accuracy": 0.33378016085790885,
  "training_loss": 1.7313104669253032,
  "training_cpu_memory_MB": 2607.948,
  "training_gpu_0_memory_MB": 3504,
  "training_gpu_1_memory_MB": 12,
  "validation_accuracy": 0.25603217158176944,
  "validation_loss": 1.8317554791768391,
  "best_validation_accuracy": 0.25603217158176944,
  "best_validation_loss": 1.8317554791768391
}