{
  "best_epoch": 58,
  "peak_cpu_memory_MB": 2607.948,
  "peak_gpu_0_memory_MB": 3504,
  "peak_gpu_1_memory_MB": 12,
  "training_duration": "0:03:13.647137",
  "training_start_epoch": 0,
  "training_epochs": 59,
  "epoch": 59,
  "training_accuracy": 0.3672922252010724,
  "training_loss": 1.6983831822872162,
  "training_cpu_memory_MB": 2607.948,
  "training_gpu_0_memory_MB": 3504,
  "training_gpu_1_memory_MB": 12,
  "validation_accuracy": 0.2613941018766756,
  "validation_loss": 1.830246090888977,
  "best_validation_accuracy": 0.26273458445040215,
  "best_validation_loss": 1.829945981502533
}