{
  "best_epoch": 18,
  "peak_cpu_memory_MB": 2605.712,
  "peak_gpu_0_memory_MB": 3504,
  "peak_gpu_1_memory_MB": 12,
  "training_duration": "0:01:01.237211",
  "training_start_epoch": 0,
  "training_epochs": 18,
  "epoch": 18,
  "training_accuracy": 0.25067024128686327,
  "training_loss": 1.8299756944179535,
  "training_cpu_memory_MB": 2605.712,
  "training_gpu_0_memory_MB": 3504,
  "training_gpu_1_memory_MB": 12,
  "validation_accuracy": 0.24396782841823056,
  "validation_loss": 1.8518660068511963,
  "best_validation_accuracy": 0.24396782841823056,
  "best_validation_loss": 1.8518660068511963
}