{
  "best_epoch": 26,
  "peak_cpu_memory_MB": 2605.712,
  "peak_gpu_0_memory_MB": 3504,
  "peak_gpu_1_memory_MB": 12,
  "training_duration": "0:01:27.182627",
  "training_start_epoch": 0,
  "training_epochs": 26,
  "epoch": 26,
  "training_accuracy": 0.27949061662198393,
  "training_loss": 1.809827874104182,
  "training_cpu_memory_MB": 2605.712,
  "training_gpu_0_memory_MB": 3504,
  "training_gpu_1_memory_MB": 12,
  "validation_accuracy": 0.24932975871313673,
  "validation_loss": 1.8451667229334514,
  "best_validation_accuracy": 0.24932975871313673,
  "best_validation_loss": 1.8451667229334514
}