{
  "best_epoch": 43,
  "peak_cpu_memory_MB": 2607.752,
  "peak_gpu_0_memory_MB": 3504,
  "peak_gpu_1_memory_MB": 12,
  "training_duration": "0:02:22.071351",
  "training_start_epoch": 0,
  "training_epochs": 43,
  "epoch": 43,
  "training_accuracy": 0.3324396782841823,
  "training_loss": 1.749838540951411,
  "training_cpu_memory_MB": 2607.752,
  "training_gpu_0_memory_MB": 3504,
  "training_gpu_1_memory_MB": 12,
  "validation_accuracy": 0.2479892761394102,
  "validation_loss": 1.8363789916038513,
  "best_validation_accuracy": 0.2479892761394102,
  "best_validation_loss": 1.8363789916038513
}