{
  "best_epoch": 55,
  "peak_cpu_memory_MB": 2607.948,
  "peak_gpu_0_memory_MB": 3504,
  "peak_gpu_1_memory_MB": 12,
  "training_duration": "0:03:04.001016",
  "training_start_epoch": 0,
  "training_epochs": 56,
  "epoch": 56,
  "training_accuracy": 0.34584450402144773,
  "training_loss": 1.7118268708388011,
  "training_cpu_memory_MB": 2607.948,
  "training_gpu_0_memory_MB": 3504,
  "training_gpu_1_memory_MB": 12,
  "validation_accuracy": 0.2587131367292225,
  "validation_loss": 1.8312668402989705,
  "best_validation_accuracy": 0.26273458445040215,
  "best_validation_loss": 1.8311806917190552
}