{
  "best_epoch": 62,
  "peak_cpu_memory_MB": 2607.948,
  "peak_gpu_0_memory_MB": 3504,
  "peak_gpu_1_memory_MB": 12,
  "training_duration": "0:03:35.606735",
  "training_start_epoch": 0,
  "training_epochs": 66,
  "epoch": 66,
  "training_accuracy": 0.35924932975871315,
  "training_loss": 1.6875815987586975,
  "training_cpu_memory_MB": 2607.948,
  "training_gpu_0_memory_MB": 3504,
  "training_gpu_1_memory_MB": 12,
  "validation_accuracy": 0.2734584450402145,
  "validation_loss": 1.8295701344807942,
  "best_validation_accuracy": 0.26273458445040215,
  "best_validation_loss": 1.8286808133125305
}