{
  "best_epoch": 3,
  "peak_cpu_memory_MB": 2598.084,
  "peak_gpu_0_memory_MB": 3502,
  "peak_gpu_1_memory_MB": 12,
  "training_duration": "0:00:12.829911",
  "training_start_epoch": 0,
  "training_epochs": 3,
  "epoch": 3,
  "training_accuracy": 0.20978552278820375,
  "training_loss": 1.9035925169785817,
  "training_cpu_memory_MB": 2598.084,
  "training_gpu_0_memory_MB": 3502,
  "training_gpu_1_memory_MB": 12,
  "validation_accuracy": 0.2225201072386059,
  "validation_loss": 1.8927782376607258,
  "best_validation_accuracy": 0.2225201072386059,
  "best_validation_loss": 1.8927782376607258
}