{
  "best_epoch": 30,
  "peak_cpu_memory_MB": 2607.752,
  "peak_gpu_0_memory_MB": 3504,
  "peak_gpu_1_memory_MB": 12,
  "training_duration": "0:01:40.065252",
  "training_start_epoch": 0,
  "training_epochs": 30,
  "epoch": 30,
  "training_accuracy": 0.2928954423592493,
  "training_loss": 1.7875293393929799,
  "training_cpu_memory_MB": 2607.752,
  "training_gpu_0_memory_MB": 3504,
  "training_gpu_1_memory_MB": 12,
  "validation_accuracy": 0.24262734584450402,
  "validation_loss": 1.8427876035372417,
  "best_validation_accuracy": 0.24262734584450402,
  "best_validation_loss": 1.8427876035372417
}