{
  "best_epoch": 32,
  "peak_cpu_memory_MB": 2607.752,
  "peak_gpu_0_memory_MB": 3504,
  "peak_gpu_1_memory_MB": 12,
  "training_duration": "0:01:46.673304",
  "training_start_epoch": 0,
  "training_epochs": 32,
  "epoch": 32,
  "training_accuracy": 0.2781501340482574,
  "training_loss": 1.8006207644939423,
  "training_cpu_memory_MB": 2607.752,
  "training_gpu_0_memory_MB": 3504,
  "training_gpu_1_memory_MB": 12,
  "validation_accuracy": 0.24664879356568364,
  "validation_loss": 1.8411217331886292,
  "best_validation_accuracy": 0.24664879356568364,
  "best_validation_loss": 1.8411217331886292
}