{
  "best_epoch": 48,
  "peak_cpu_memory_MB": 2607.752,
  "peak_gpu_0_memory_MB": 3504,
  "peak_gpu_1_memory_MB": 12,
  "training_duration": "0:02:38.178697",
  "training_start_epoch": 0,
  "training_epochs": 48,
  "epoch": 48,
  "training_accuracy": 0.33847184986595175,
  "training_loss": 1.7310252090295155,
  "training_cpu_memory_MB": 2607.752,
  "training_gpu_0_memory_MB": 3504,
  "training_gpu_1_memory_MB": 12,
  "validation_accuracy": 0.257372654155496,
  "validation_loss": 1.8332753380139668,
  "best_validation_accuracy": 0.257372654155496,
  "best_validation_loss": 1.8332753380139668
}