{
  "best_epoch": 58,
  "peak_cpu_memory_MB": 2607.948,
  "peak_gpu_0_memory_MB": 3504,
  "peak_gpu_1_memory_MB": 12,
  "training_duration": "0:03:19.883362",
  "training_start_epoch": 0,
  "training_epochs": 61,
  "epoch": 61,
  "training_accuracy": 0.35656836461126007,
  "training_loss": 1.6985170344511669,
  "training_cpu_memory_MB": 2607.948,
  "training_gpu_0_memory_MB": 3504,
  "training_gpu_1_memory_MB": 12,
  "validation_accuracy": 0.2680965147453083,
  "validation_loss": 1.8301316698392232,
  "best_validation_accuracy": 0.26273458445040215,
  "best_validation_loss": 1.829945981502533
}