{
  "best_epoch": 19,
  "peak_cpu_memory_MB": 2605.712,
  "peak_gpu_0_memory_MB": 3504,
  "peak_gpu_1_memory_MB": 12,
  "training_duration": "0:01:04.460248",
  "training_start_epoch": 0,
  "training_epochs": 19,
  "epoch": 19,
  "training_accuracy": 0.26072386058981234,
  "training_loss": 1.8297232687473297,
  "training_cpu_memory_MB": 2605.712,
  "training_gpu_0_memory_MB": 3504,
  "training_gpu_1_memory_MB": 12,
  "validation_accuracy": 0.24128686327077747,
  "validation_loss": 1.8513302008310955,
  "best_validation_accuracy": 0.24128686327077747,
  "best_validation_loss": 1.8513302008310955
}