{
  "best_epoch": 27,
  "peak_cpu_memory_MB": 2606.844,
  "peak_gpu_0_memory_MB": 3504,
  "peak_gpu_1_memory_MB": 12,
  "training_duration": "0:01:33.730316",
  "training_start_epoch": 0,
  "training_epochs": 28,
  "epoch": 28,
  "training_accuracy": 0.2761394101876676,
  "training_loss": 1.796902596950531,
  "training_cpu_memory_MB": 2606.844,
  "training_gpu_0_memory_MB": 3504,
  "training_gpu_1_memory_MB": 12,
  "validation_accuracy": 0.24262734584450402,
  "validation_loss": 1.8454144597053528,
  "best_validation_accuracy": 0.2453083109919571,
  "best_validation_loss": 1.8445342977841694
}