{
  "best_epoch": 74,
  "peak_cpu_memory_MB": 2608.668,
  "peak_gpu_0_memory_MB": 3504,
  "peak_gpu_1_memory_MB": 12,
  "training_duration": "0:04:16.665776",
  "training_start_epoch": 0,
  "training_epochs": 79,
  "epoch": 79,
  "training_accuracy": 0.40415549597855227,
  "training_loss": 1.6409382224082947,
  "training_cpu_memory_MB": 2608.668,
  "training_gpu_0_memory_MB": 3504,
  "training_gpu_1_memory_MB": 12,
  "validation_accuracy": 0.26943699731903487,
  "validation_loss": 1.8289935390154521,
  "best_validation_accuracy": 0.27882037533512066,
  "best_validation_loss": 1.8271116018295288
}