{
  "best_epoch": 20,
  "peak_cpu_memory_MB": 2605.712,
  "peak_gpu_0_memory_MB": 3504,
  "peak_gpu_1_memory_MB": 12,
  "training_duration": "0:01:07.565644",
  "training_start_epoch": 0,
  "training_epochs": 20,
  "epoch": 20,
  "training_accuracy": 0.2761394101876676,
  "training_loss": 1.824686626593272,
  "training_cpu_memory_MB": 2605.712,
  "training_gpu_0_memory_MB": 3504,
  "training_gpu_1_memory_MB": 12,
  "validation_accuracy": 0.24396782841823056,
  "validation_loss": 1.8500709136327107,
  "best_validation_accuracy": 0.24396782841823056,
  "best_validation_loss": 1.8500709136327107
}