{
  "best_epoch": 10,
  "peak_cpu_memory_MB": 2605.712,
  "peak_gpu_0_memory_MB": 3504,
  "peak_gpu_1_memory_MB": 12,
  "training_duration": "0:00:35.802648",
  "training_start_epoch": 0,
  "training_epochs": 10,
  "epoch": 10,
  "training_accuracy": 0.24932975871313673,
  "training_loss": 1.860310435295105,
  "training_cpu_memory_MB": 2605.712,
  "training_gpu_0_memory_MB": 3504,
  "training_gpu_1_memory_MB": 12,
  "validation_accuracy": 0.24262734584450402,
  "validation_loss": 1.8648919860521953,
  "best_validation_accuracy": 0.24262734584450402,
  "best_validation_loss": 1.8648919860521953
}