{
  "best_epoch": 74,
  "peak_cpu_memory_MB": 2608.668,
  "peak_gpu_0_memory_MB": 3504,
  "peak_gpu_1_memory_MB": 12,
  "training_duration": "0:04:13.562784",
  "training_start_epoch": 0,
  "training_epochs": 78,
  "epoch": 78,
  "training_accuracy": 0.4014745308310992,
  "training_loss": 1.6459715167681377,
  "training_cpu_memory_MB": 2608.668,
  "training_gpu_0_memory_MB": 3504,
  "training_gpu_1_memory_MB": 12,
  "validation_accuracy": 0.26273458445040215,
  "validation_loss": 1.8299607634544373,
  "best_validation_accuracy": 0.27882037533512066,
  "best_validation_loss": 1.8271116018295288
}