{
  "best_epoch": 51,
  "peak_cpu_memory_MB": 2607.948,
  "peak_gpu_0_memory_MB": 3504,
  "peak_gpu_1_memory_MB": 12,
  "training_duration": "0:02:54.310571",
  "training_start_epoch": 0,
  "training_epochs": 53,
  "epoch": 53,
  "training_accuracy": 0.3324396782841823,
  "training_loss": 1.7201538185278575,
  "training_cpu_memory_MB": 2607.948,
  "training_gpu_0_memory_MB": 3504,
  "training_gpu_1_memory_MB": 12,
  "validation_accuracy": 0.25603217158176944,
  "validation_loss": 1.8319061597188313,
  "best_validation_accuracy": 0.25603217158176944,
  "best_validation_loss": 1.8317554791768391
}