{
  "best_epoch": 74,
  "peak_cpu_memory_MB": 2608.668,
  "peak_gpu_0_memory_MB": 3504,
  "peak_gpu_1_memory_MB": 12,
  "training_duration": "0:04:10.454523",
  "training_start_epoch": 0,
  "training_epochs": 77,
  "epoch": 77,
  "training_accuracy": 0.4008042895442359,
  "training_loss": 1.6424249013264973,
  "training_cpu_memory_MB": 2608.668,
  "training_gpu_0_memory_MB": 3504,
  "training_gpu_1_memory_MB": 12,
  "validation_accuracy": 0.26541554959785524,
  "validation_loss": 1.8285455703735352,
  "best_validation_accuracy": 0.27882037533512066,
  "best_validation_loss": 1.8271116018295288
}